<?xml version="1.0" encoding="UTF-8"?>
<jcr:root xmlns:sling="http://sling.apache.org/jcr/sling/1.0" xmlns:cq="http://www.day.com/jcr/cq/1.0" xmlns:jcr="http://www.jcp.org/jcr/1.0" xmlns:nt="http://www.jcp.org/jcr/nt/1.0"
    jcr:primaryType="nt:unstructured"
    jcr:title="Cq:Dialog"
    sling:resourceType="cq/gui/components/authoring/dialog">
    <content
        jcr:primaryType="nt:unstructured"
        sling:resourceType="granite/ui/components/coral/foundation/fixedcolumns">
        <items jcr:primaryType="nt:unstructured">
            <tabs
                jcr:primaryType="nt:unstructured"
                sling:resourceType="granite/ui/components/coral/foundation/tabs">
                <items jcr:primaryType="nt:unstructured">
                    <details
                        jcr:primaryType="nt:unstructured"
                        jcr:title="Task"
                        sling:resourceType="granite/ui/components/coral/foundation/container">
                        <items jcr:primaryType="nt:unstructured">
                            <TextField
                                jcr:primaryType="nt:unstructured"
                                sling:resourceType="granite/ui/components/coral/foundation/form/textfield"
                                fieldLabel="TextField"
                                name="./TextField"/>
                            <checkbox
                                jcr:primaryType="nt:unstructured"
                                sling:resourceType="granite/ui/components/coral/foundation/form/checkbox"
                                fieldLabel="checkbox"
                                name="./checkbox"
                                text="Checkbox"/>
                            <fileupload
                                jcr:primaryType="nt:unstructured"
                                sling:resourceType="granite/ui/components/coral/foundation/form/fileupload"
                                fieldLabel="fileupload"
                                name="./fileupload"/>
                            <dropdown
                                jcr:primaryType="nt:unstructured"
                                sling:resourceType="granite/ui/components/coral/foundation/form/select"
                                fieldLabel="dropdown"
                                name="./dropdown">
                                <items jcr:primaryType="nt:unstructured">
                                    <Option1
                                        jcr:primaryType="nt:unstructured"
                                        text="Option1"
                                        value="Option1"/>
                                    <Option2
                                        jcr:primaryType="nt:unstructured"
                                        text="Option2"
                                        value="Option2"/>
                                </items>
                            </dropdown>
                            <file
                                jcr:primaryType="nt:unstructured"
                                sling:resourceType="cq/gui/components/authoring/dialog/fileupload"
                                autoStart="{Boolean}false"
                                class="cq-droptarget"
                                fieldLabel="Image asset"
                                fileNameParameter="./fileName"
                                fileReferenceParameter="./fileReference"
                                mimeTypes="[image/gif,image/jpeg,image/png,image/tiff,image/svg+xml]"
                                multiple="{Boolean}false"
                                name="./file"
                                title="Upload Image Asset"
                                uploadUrl="${suffix.path}"
                                useHTML5="{Boolean}true"/>
                        </items>
                    </details>
                </items>
            </tabs>
        </items>
    </content>
</jcr:root>
