<?xml version="1.0" encoding="UTF-8"?>
<jcr:root xmlns:sling="http://sling.apache.org/jcr/sling/1.0" xmlns:granite="http://www.adobe.com/jcr/granite/1.0" xmlns:cq="http://www.day.com/jcr/cq/1.0" xmlns:jcr="http://www.jcp.org/jcr/1.0" xmlns:nt="http://www.jcp.org/jcr/nt/1.0"
    jcr:primaryType="nt:unstructured"
    jcr:title="properties"
    sling:resourceType="cq/gui/components/authoring/dialog"
    extraClientlibs="[cq.authoring.SingleArticle]">
    <content
        jcr:primaryType="nt:unstructured"
        sling:resourceType="granite/ui/components/coral/foundation/fixedcolumns">
        <items jcr:primaryType="nt:unstructured">
            <column
                jcr:primaryType="nt:unstructured"
                sling:resourceType="granite/ui/components/coral/foundation/container">
                <items jcr:primaryType="nt:unstructured">
                    <EnablePII
                        granite:class="cq-dialog-checkbox-showhide"
                        jcr:primaryType="nt:unstructured"
                        sling:resourceType="granite/ui/components/coral/foundation/form/checkbox"
                        name="./checkbox"
                        text="Enable"
                        value="{Boolean}true">
                        <granite:data
                            jcr:primaryType="nt:unstructured"
                            cq-dialog-checkbox-showhide-target=".togglefield"/>
                    </EnablePII>
                    <toggle
                        granite:class="togglefield"
                        jcr:primaryType="nt:unstructured"
                        sling:resourceType="granite/ui/components/coral/foundation/container">
                        <items jcr:primaryType="nt:unstructured">
                            <text
                                jcr:primaryType="nt:unstructured"
                                sling:resourceType="granite/ui/components/coral/foundation/form/textfield"
                                fieldLabel="css class"
                                name="./text"/>
                        </items>
                    </toggle>
                </items>
            </column>
        </items>
    </content>
</jcr:root>
