<?xml version="1.0" encoding="UTF-8"?>
<jcr:root xmlns:sling="http://sling.apache.org/jcr/sling/1.0" xmlns:cq="http://www.day.com/jcr/cq/1.0" xmlns:jcr="http://www.jcp.org/jcr/1.0" xmlns:nt="http://www.jcp.org/jcr/nt/1.0"
    jcr:primaryType="nt:unstructured"
    jcr:title="Task3"
    sling:resourceType="cq/gui/components/authoring/dialog">
    <content
        jcr:primaryType="nt:unstructured"
        sling:resourceType="granite/ui/components/coral/foundation/container">
        <items jcr:primaryType="nt:unstructured">
            <tabs
                jcr:primaryType="nt:unstructured"
                sling:resourceType="granite/ui/components/coral/foundation/tabs">
                <items jcr:primaryType="nt:unstructured">
                    <tab1
                        jcr:primaryType="nt:unstructured"
                        jcr:title="Header Fields"
                        sling:resourceType="granite/ui/components/coral/foundation/container">
                        <items jcr:primaryType="nt:unstructured">
                            <logoPath
                                jcr:primaryType="nt:unstructured"
                                sling:resourceType="granite/ui/components/coral/foundation/form/pathfield"
                                fieldLabel="logoPath"
                                name="./logoPath"/>
                            <logoMobileImage
                                jcr:primaryType="nt:unstructured"
                                sling:resourceType="granite/ui/components/coral/foundation/form/pathfield"
                                fieldLabel="logoMobileImage"
                                name="./logoMobileImage"/>
                            <logoLink
                                jcr:primaryType="nt:unstructured"
                                sling:resourceType="granite/ui/components/coral/foundation/form/pathfield"
                                fieldLabel="logoLink"
                                name="./logoLink"/>
                            <enableSwitch
                                jcr:primaryType="nt:unstructured"
                                sling:resourceType="granite/ui/components/coral/foundation/form/checkbox"
                                fieldLabel="enableSwitch"
                                name="./enableSwitch"
                                text="Select Switch"/>
                        </items>
                    </tab1>
                    <tab2
                        jcr:primaryType="nt:unstructured"
                        jcr:title="Header Links"
                        sling:resourceType="granite/ui/components/coral/foundation/container">
                        <items jcr:primaryType="nt:unstructured">
                            <multifield
                                jcr:primaryType="nt:unstructured"
                                sling:resourceType="granite/ui/components/coral/foundation/form/multifield"
                                fieldLabel="Multifield">
                                <field
                                    jcr:primaryType="nt:unstructured"
                                    sling:resourceType="granite/ui/components/coral/foundation/container"
                                    fieldLabel="Fields"
                                    name="./multifield">
                                    <items jcr:primaryType="nt:unstructured">
                                        <name
                                            jcr:primaryType="nt:unstructured"
                                            sling:resourceType="granite/ui/components/coral/foundation/form/textfield"
                                            fieldLabel="Name"
                                            name="./name"/>
                                        <image
                                            jcr:primaryType="nt:unstructured"
                                            sling:resourceType="granite/ui/components/coral/foundation/form/pathfield"
                                            fieldLabel="Image "
                                            name="./image"/>
                                    </items>
                                </field>
                            </multifield>
                        </items>
                    </tab2>
                    <tab3
                        jcr:primaryType="nt:unstructured"
                        jcr:title="SideBar Navigation"
                        sling:resourceType="granite/ui/components/coral/foundation/container">
                        <items jcr:primaryType="nt:unstructured">
                            <multifield
                                jcr:primaryType="nt:unstructured"
                                sling:resourceType="granite/ui/components/coral/foundation/form/multifield"
                                composite="{Boolean}true"
                                fieldLabel="Multifield">
                                <field
                                    jcr:primaryType="nt:unstructured"
                                    sling:resourceType="granite/ui/components/coral/foundation/container"
                                    fieldLabel="Fields"
                                    name="./multifield2">
                                    <items jcr:primaryType="nt:unstructured">
                                        <mobileIcon
                                            jcr:primaryType="nt:unstructured"
                                            sling:resourceType="granite/ui/components/coral/foundation/form/pathfield"
                                            fieldLabel="mobileIcon"
                                            name="./mobileicon"/>
                                        <Desktop_x0020_Icon
                                            jcr:primaryType="nt:unstructured"
                                            sling:resourceType="granite/ui/components/coral/foundation/form/pathfield"
                                            fieldLabel="desktopIcon"
                                            name="./desktopicon"/>
                                        <nestedMultifield
                                            jcr:primaryType="nt:unstructured"
                                            sling:resourceType="granite/ui/components/coral/foundation/form/multifield"
                                            composite="{Boolean}true"
                                            fieldLabel="nestedMultifield">
                                            <field
                                                jcr:primaryType="nt:unstructured"
                                                sling:resourceType="granite/ui/components/coral/foundation/container"
                                                fieldLabel="Fields"
                                                name="./nestedmultifield">
                                                <items jcr:primaryType="nt:unstructured">
                                                    <navigationURL
                                                        jcr:primaryType="nt:unstructured"
                                                        sling:resourceType="granite/ui/components/coral/foundation/form/pathfield"
                                                        fieldLabel="navigationURL"
                                                        name="./navigationurl"/>
                                                </items>
                                            </field>
                                        </nestedMultifield>
                                    </items>
                                </field>
                            </multifield>
                        </items>
                    </tab3>
                    <tab4
                        jcr:primaryType="nt:unstructured"
                        jcr:title="Region Field"
                        sling:resourceType="granite/ui/components/coral/foundation/container">
                        <items jcr:primaryType="nt:unstructured">
                            <dropdown
                                jcr:primaryType="nt:unstructured"
                                sling:resourceType="granite/ui/components/coral/foundation/form/select"
                                fieldLabel="Country"
                                name="./countries">
                                <items jcr:primaryType="nt:unstructured">
                                    <india
                                        jcr:primaryType="nt:unstructured"
                                        text="India"
                                        value="india"/>
                                    <us
                                        jcr:primaryType="nt:unstructured"
                                        text="US"
                                        value="US"/>
                                </items>
                            </dropdown>
                        </items>
                    </tab4>
                </items>
            </tabs>
        </items>
    </content>
</jcr:root>
